Run ID,Epsilon,Attack Type,accuracy,loss,precision,recall,f1,fpr,fnr,roc_auc,pr_auc
2,0,none,0.5522193312644958,1.951195478439331,0.20507232499734798,0.2032051343061781,0.20413445500508987,0.004690452592688312,0.7967948656007532,0.9237927425813,nan
2,0,fgsm,0.5522193312644958,1.951195478439331,0.20507232499734798,0.2032051343061781,0.20413445500508987,0.004690452592688312,0.7967948656007532,0.9237927425813,nan
2,0.01,fgsm,0.16520294547080994,4.160472393035889,0.027480756168043383,0.04187405426088131,0.0331838700697084,0.008835305265400243,0.9581259456460499,0.7451486642525612,nan
2,0.1,fgsm,0.010236173868179321,6.077404975891113,0.0009544015278813242,0.0026804952358342542,0.001407611757251114,0.010377270411281416,0.9973195046710969,0.4591861702596725,nan
2,0.15,fgsm,0.02447780780494213,6.470394611358643,0.0003318350725916126,0.006322757056155284,0.00063057490323723,0.010170411882432262,0.9936772428507759,0.4120865294990228,nan
2,0,pgd,0.5522193312644958,1.951195478439331,0.20507232499734798,0.2032051343061781,0.20413445500508987,0.004690452592688312,0.7967948656007532,0.9237927425813,nan
2,0.01,pgd,0.15155471861362457,4.544675350189209,0.02590330202577901,0.03781173780632088,0.03074466290453237,0.008972302978611743,0.9621882621006104,0.7163788797234457,nan
2,0.1,pgd,0.0,13.564620971679688,0.0,0.0,0.0,0.010505133005791905,0.9999999999069312,0.2889855184756502,nan
2,0.15,pgd,0.0,16.407636642456055,0.0,0.0,0.0,0.010454722049835288,0.9999999999069312,0.23075040412285974,nan
